{"阿勒泰机场": [88.0869, 47.751758], "阿克苏机场": [80.293103, 41.263252], "鞍山腾鳌机场": [122.860605, 41.106456], "安庆天柱山机场": [117.055412, 30.580776], "阿拉善左旗机场": [105.666293, 38.833411], "阿里昆莎机场": [80.055558, 32.099597], "阿拉善右旗机场": [101.666917, 39.216186], "阿尔山伊尔施机场": [119.919469, 47.312174], "百色机场": [106.964764, 23.717342], "包头东河机场": [110.03705, 40.5856], "毕节飞雄机场": [105.481898, 27.261049], "北海福成机场": [109.295901, 21.536449], "北京首都国际机场": [116.613707, 40.047674], "北京大兴国际机场": [116.341395, 39.726929], "博乐机场": [82.303693, 44.898289], "保山机场": [99.163263, 25.052791], "白城长安机场": [123.026287, 45.508152], "布尔津喀纳斯机场": [87.002589, 48.224245], "白山长机场": [126.423587, 41.939994], "昌都邦达机场": [97.111194, 30.548892], "承德普宁机场": [117.96241, 40.954071], "常德桃花源机场": [111.643672, 28.916307], "长春龙嘉国际机场": [125.691927, 43.995883], "朝阳机场": [120.44019, 41.541983], "赤峰玉龙机场": [118.846745, 42.159704], "长治机场": [113.128066, 36.245552], "重庆江北国际机场": [106.637932, 29.71743], "长沙黄花国际机场": [113.222098, 28.189396], "成都双流国际机场": [103.950323, 30.558384], "常州奔牛机场": [119.787376, 31.911025], "池州九华山机场": [117.687889, 30.736291], "揭阳潮汕机场": [116.509414, 23.547635], "大同云冈机场": [113.487183, 40.061615], "达州河市机场": [107.433978, 31.12872], "稻城亚丁机场": [100.063381, 29.312192], "丹东浪头机场": [124.289911, 40.026513], "迪庆香格里拉机场": [99.682864, 27.793745], "大连周水子国际机场": [121.543699, 38.964114], "大理机场": [100.320711, 25.647097], "敦煌机场": [94.807418, 40.163403], "东营胜利机场": [118.792213, 37.506096], "大庆萨尔图机场　": [125.14347, 46.752108], "德令哈机场": [97.269934, 37.126113], "芒市德宏机场": [98.588086, 24.43369], "鄂尔多斯伊金霍洛机场": [109.867412, 39.495789], "额济纳旗桃来机场": [101.05559, 41.954347], "恩施许家坪机场": [109.489898, 30.319129], "二连浩特赛乌苏国际机场": [112.15013, 43.484409], "福州长乐国际机场": [119.669936, 25.930966], "阜阳西关机场": [115.744292, 32.877663], "抚远东极机场": [134.371498, 48.201025], "广州白云国际机场": [113.307525, 23.385983], "果洛玛沁机场": [100.244808, 34.471431], "格尔木机场": [94.788436, 36.401596], "广元盘龙机场": [105.699621, 32.388634], "固原六盘山机场": [106.221968, 36.078277], "赣州黄金机场": [114.783854, 25.849708], "贵阳龙洞堡国际机场": [106.803004, 26.537238], "桂林两江国际机场": [110.047364, 25.218277], "海口美兰国际机场": [110.464519, 19.936119], "邯郸机场": [114.431115, 36.524747], "黑河机场": [127.490772, 50.251044], "呼和浩特白塔国际机场": [111.826381, 40.853503], "合肥新桥国际机场": [116.977428, 31.986695], "杭州萧山国际机场": [120.436955, 30.231291], "淮安涟水机场": [119.131102, 33.788792], "怀化芷江机场": [109.708294, 27.440204], "海拉尔呼伦贝尔东山国际机场": [119.736279, 49.212189], "哈密机场": [93.664048, 42.843005], "衡阳南岳机场": [112.621995, 26.718615], "哈尔滨太平国际机场": [126.25317, 45.627249], "和田机场": [79.868983, 37.038007], "花土沟机场": [90.841385, 38.200344], "霍林郭勒霍林河机场": [119.41546, 45.48492], "惠州平潭机场": [114.604937, 23.046479], "汉中城固机场": [107.207457, 33.13159], "景德镇机场": [117.181706, 29.336129], "嘉峪关机场": [98.340252, 39.860634], "井冈山机场": [114.742637, 26.853318], "西双版纳嘎洒国际机场": [100.76475, 21.972467], "金昌金川机场": [102.35054, 38.541918], "泉州晋江机场": [118.593166, 24.794819], "佳木斯东郊机场": [130.470015, 46.845786], "济宁曲阜机场": [116.353255, 35.29364], "锦州湾机场": [121.127003, 41.095119], "鸡西兴凯湖机场": [131.199125, 45.296389], "九寨沟黄龙机场": [103.685263, 32.851353], "济南遥墙国际机场": [117.217247, 36.856575], "库车龟兹机场": [82.876668, 41.679861], "康定机场": [101.742725, 30.138417], "喀什机场": [76.025886, 39.540737], "凯里黄平机场": [107.981212, 26.566867], "昆明长水国际机场": [102.935277, 25.103543], "库尔勒机场": [86.142837, 41.618704], "克拉玛依机场": [84.956487, 45.46725], "黎平机场": [109.155274, 26.318971], "澜沧景迈机场": [99.789519, 22.41192], "龙岩冠豸山机场": [116.751348, 25.672421], "临汾乔李机场": [111.645703, 36.133567], "兰州中川机场": [103.620392, 36.514303], "丽江三义机场": [100.246532, 26.671716], "荔波机场": [107.966151, 25.447687], "临沧机场": [100.025419, 23.737047], "陇南成县机场": [104.921841, 33.400684], "六盘水月照机场": [104.980987, 26.605323], "拉萨贡嘎国际机场": [91.140856, 29.645554], "洛阳北郊机场": [112.393628, 34.739214], "连云港白塔埠机场": [118.881953, 34.57073], "临沂启阳机场": [118.356448, 35.104672], "柳州白莲机场": [109.397982, 24.204221], "泸州云龙机场": [105.442258, 28.87181], "林芝米林机场": [94.36149, 29.649128], "绵阳南郊机场": [104.743592, 31.428986], "梅州梅县机场": [116.102831, 24.260425], "满洲里西郊国际机场": [117.337344, 49.572385], "南昌昌北国际机场": [115.90675, 28.840884], "南充高坪机场": [106.168002, 30.793442], "宁波栎社国际机场": [121.466848, 29.8226], "南京禄口国际机场": [118.876825, 31.730607], "宁蒗泸沽湖机场": [100.761575, 27.538459], "南宁吴圩国际机场": [108.179664, 22.606401], "南阳姜营机场": [112.621867, 32.980485], "南通兴东国际机场": [120.983081, 32.070972], "攀枝花保安营机场": [101.799974, 26.537096], "普洱思茅机场": [100.96042, 22.79102], "琼海博鳌机场": [110.459385, 19.137599], "秦皇岛北戴河机场": [119.066956, 39.666773], "且末机场": [85.53489, 38.149889], "庆阳机场": [107.604415, 35.80268], "黔江武陵山机场": [108.83539, 29.511777], "衢州机场": [118.901345, 28.96786], "齐齐哈尔三家子机场": [123.924645, 47.24241], "青岛流亭国际机场": [120.382116, 36.267488], "日照山字河机场": [119.331616, 35.402531], "日喀则和平机场": [89.314627, 29.347504], "若羌楼兰机场": [88.16612, 39.01341], "神农架红坪机场": [112.978004, 35.878342], "莎车机场": [77.245761, 38.414217], "上海浦东国际机场": [121.807559, 31.140815], "上海虹桥国际机场": [121.33795, 31.196471], "沈阳桃仙国际机场": [123.495086, 41.639297], "石河子花园机场": [86.035478, 44.302], "石家庄正定国际机场": [114.698944, 38.280477], "上饶三清山机场": [117.969176, 28.380448], "三明沙县机场": [117.840799, 26.423227], "三亚凤凰国际机场": [109.414973, 18.303883], "深圳宝安国际机场": [113.824218, 22.640219], "十堰武当山机场": [110.91318, 32.589078], "邵阳武冈机场": [110.648035, 26.798092], "松原查干湖机场": [124.758221, 45.098651], "台州路桥机场": [121.430945, 28.559459], "塔城民航机场": [82.980316, 46.745364], "腾冲驼峰机场": [98.486342, 24.935712], "铜仁凤凰机场": [109.313607, 27.881085], "通辽机场": [122.206366, 43.559325], "天水麦积山机场": [105.996338, 34.368929], "吐鲁番交河机场": [89.102427, 43.031421], "通化三源浦机场": [125.741143, 42.050203], "天津滨海国际机场": [117.360803, 39.128575], "唐山三女河机场": [118.187308, 39.624251], "太原武宿国际机场": [112.634252, 37.750299], "扬州泰州机场": [119.723197, 32.560471], "五大连池德都机场": [126.217017, 48.540306], "乌鲁木齐地窝堡国际机场": [87.481397, 43.906552], "潍坊机场": [119.122362, 36.646822], "威海大水泊机场": [122.234969, 37.185852], "文山普者黑机场": [104.328465, 23.556608], "温州龙湾国际机场": [120.854577, 27.907503], "乌海机场": [106.805038, 39.794299], "武汉天河国际机场": [114.217693, 30.771181], "武夷山机场": [118.00537, 27.700279], "无锡苏南硕放国际机场": [120.43399, 31.498795], "梧州西江机场": [110.902137, 23.374791], "万州五桥机场": [108.44593, 30.765184], "兴义机场": [104.962212, 25.082371], "夏河机场": [102.623638, 34.818327], "西安咸阳国际机场": [108.764882, 34.438179], "忻州五台山机场": [112.99122, 38.598354], "信阳明港机场": [114.091023, 32.146983], "襄阳刘集机场": [112.296152, 32.149803], "西昌青山机场": [102.187014, 27.984248], "锡林浩特机场": [115.966127, 43.914561], "厦门高崎国际机场": [118.137053, 24.539473], "西宁曹家堡机场": [101.818488, 36.60085], "徐州观音机场": [117.190181, 34.258029], "延安南泥湾机场": [109.435241, 35.762226], "银川河东国际机场": [106.392786, 38.321957], "榆林榆阳机场": [109.599398, 38.35809], "宜宾五粮液机场": [104.599685, 28.790239], "运城关公机场": [111.041985, 35.113193], "宜春明月山机场": [114.310973, 27.798362], "宜昌三峡机场": [111.484952, 30.552671], "伊宁市伊宁机场": [81.333375, 43.957408], "义乌机场": [120.035583, 29.343149], "营口兰旗机场": [122.362291, 40.543977], "延吉朝阳川机场": [129.459081, 42.88548], "烟台蓬莱国际机场": [120.986878, 37.659638], "盐城南洋机场": [120.209874, 33.427665], "玉树巴塘机场": [97.037232, 32.834887], "郑州新郑国际机场": [113.854153, 34.526221], "张家界荷花机场": [110.447943, 29.101431], "舟山普陀山机场": [122.365, 29.932369], "扎兰屯成吉思汗机场": [122.768601, 47.869621], "张掖甘州机场": [100.671783, 38.805064], "昭通机场": [103.757591, 27.323463], "湛江机场": [110.363833, 21.212568], "中卫沙坡头机场": [105.158118, 37.573264], "张家口机场": [114.938624, 40.740649], "珠海金湾机场": [113.383334, 22.009415], "遵义新舟机场": [107.250766, 27.807408], "岳阳三荷机场": [113.28723, 29.318108], "图木舒克唐王城机场": [79.069332, 39.864867], "巴中恩阳机场": [106.747477, 31.867903], "巴彦淖尔天吉泰机场": [107.744545, 40.927157], "沧源佤山机场": [100.0793, 23.877325], "黄山屯溪机场": [118.337481, 29.714655], "吕梁机场": [111.144319, 37.518314], "牡丹江海浪机场": [129.576299, 44.529033], "乌兰浩特机场": [122.007318, 46.200408], "乌兰察布机场": [113.14289, 40.997859], "甘孜格萨尔机场": [101.96231, 30.04952]}